{
  "version": 1,
  "author": "Anto Silva",
  "editor": "wokwi",
  "parts": [
    { "type": "board-esp32-devkit-c-v4", "id": "esp", "top": 19.2, "left": -14.36, "attrs": {} },
    {
      "type": "board-ssd1306",
      "id": "oled1",
      "top": -92.86,
      "left": -124.57,
      "attrs": { "i2cAddress": "0x3c" }
    },
    {
      "type": "wokwi-pushbutton",
      "id": "btn1",
      "top": -118.6,
      "left": 211.2,
      "attrs": { "color": "green", "xray": "1" }
    },
    {
      "type": "wokwi-pushbutton",
      "id": "btn2",
      "top": -22.6,
      "left": 182.4,
      "attrs": { "color": "green", "xray": "1" }
    },
    {
      "type": "wokwi-pushbutton",
      "id": "btn3",
      "top": 54.2,
      "left": 153.6,
      "attrs": { "color": "green", "xray": "1" }
    }
  ],
  "connections": [
    [ "esp:TX", "$serialMonitor:RX", "", [] ],
    [ "esp:RX", "$serialMonitor:TX", "", [] ],
    [ "oled1:VCC", "esp:3V3", "red", [ "v-38.4", "h76.95", "v172.8" ] ],
    [ "oled1:GND", "esp:GND.1", "#8f4814", [ "v-9.6", "h115.2", "v268.8" ] ],
    [ "oled1:SDA", "esp:21", "green", [ "h76.87", "v182.4" ] ],
    [ "oled1:SCL", "esp:22", "orange", [ "v-28.8", "h105.9", "v182.4" ] ],
    [ "btn1:1.r", "esp:13", "purple", [ "v0" ] ],
    [ "btn2:1.r", "esp:12", "violet", [ "v0" ] ],
    [ "btn1:2.l", "esp:GND.2", "green", [ "h0" ] ],
    [ "btn2:2.l", "esp:GND.2", "green", [ "h0" ] ],
    [ "btn3:2.l", "esp:GND.2", "green", [ "h-19.2", "v-38.2" ] ],
    [ "btn3:1.l", "esp:25", "cyan", [ "h-19.2", "v57.6" ] ]
  ],
  "dependencies": {}
}